Currency HolidaysCurrency= KRW,Year= 2017Year,Month,Day,Name
2017,JAN,01,New Year
2017,JAN,27,Lunar New Year
2017,JAN,28,Lunar New Year
2017,JAN,30,Lunar New Year
2017,MAR,01,Independence Movement Day
2017,MAY,01,May Day
2017,MAY,03,Buddha's Birthday
2017,MAY,05,Childrens Day
2017,JUN,06,Memorial Day
2017,AUG,15,Liberation Day
2017,OCT,03,National Foundation Day
2017,OCT,04,Harvest Moon
2017,OCT,05,Harvest Moon
2017,OCT,06,Harvest moon holiday
2017,OCT,07,Harvest Moon [Transfer]
2017,OCT,09,Hangul Day
2017,DEC,20,Election day
2017,DEC,25,Christmas
