Currency HolidaysCurrency= PHP,Year= 2014Year,Month,Day,Name
2014,JAN,01,New Year
2014,JAN,31,Chinese New Year
2014,APR,09,Araw Ng Kagitingan
2014,APR,17,Maundy Thursday
2014,APR,18,Good Friday
2014,MAY,01,May Day
2014,JUN,12,Independence Day
2014,JUL,29,Eid'l Fit'r
2014,AUG,21,Ninoy Aquino
2014,AUG,25,National Heroes' Day
2014,OCT,04,Eid Al Adha [Estimated]
2014,OCT,06,EIDUL ADHA (FEAST OF SACRIFICE)
2014,NOV,01,All Saints' Day
2014,NOV,30,Bonifacio Day
2014,DEC,24,Christmas Eve
2014,DEC,25,Christmas
2014,DEC,26,Christmas
2014,DEC,30,Rizal Day
2014,DEC,31,New Year's Eve
