Currency HolidaysCurrency= TND,Year= 2028Year,Month,Day,Name
2028,JAN,01,New Year
2028,JAN,14,Revolution and Youth Day
2028,FEB,26,Eid Al Fitr [Estimated]
2028,FEB,27,Eid Al Fitr [Estimated]
2028,FEB,28,Eid Al Fitr [Estimated]
2028,MAR,20,Independence Day
2028,APR,09,Martyrs Day
2028,MAY,01,Labour Day
2028,MAY,05,Eid Al Adha [Estimated]
2028,MAY,06,Eid Al Adha [Estimated]
2028,MAY,25,Hijri New Year [Estimated]
2028,JUL,25,Republic Day
2028,AUG,03,Mawlid An Nabi [Estimated]
2028,AUG,13,Womens Day
2028,OCT,15,Evacuation Day
